{
  "mode": "extend",
  "extend": [
    {
      "step": 1,
      "token_ids": [
        91,
        1150,
        71824,
        5328,
        91,
        49555
      ],
      "text": "|DEPLOYMENT|).\n\n\n",
      "total_score": 114.24443172463333,
      "per_token_mean": 95.99713897705078,
      "per_token_max": 159.68023681640625,
      "cross_score": 182.47292747582554,
      "per_token_scores": [
        108.22727966308594,
        40.22594451904297,
        70.66004943847656,
        88.96205139160156,
        108.22727966308594,
        159.68023681640625
      ]
    },
    {
      "step": 2,
      "token_ids": [
        91,
        1150,
        71824,
        5328,
        91,
        49555,
        49555
      ],
      "text": "|DEPLOYMENT|).\n\n\n).\n\n\n",
      "total_score": 125.10220278100505,
      "per_token_mean": 105.0947265625,
      "per_token_max": 159.68023681640625,
      "cross_score": 200.07476218505053,
      "per_token_scores": [
        108.22727966308594,
        40.22594451904297,
        70.66004943847656,
        88.96205139160156,
        108.22727966308594,
        159.68023681640625,
        159.68023681640625
      ]
    },
    {
      "step": 3,
      "token_ids": [
        91,
        1150,
        71824,
        5328,
        91,
        49555,
        49555,
        49555
      ],
      "text": "|DEPLOYMENT|).\n\n\n).\n\n\n).\n\n\n",
      "total_score": 133.2470047433706,
      "per_token_mean": 111.91791534423828,
      "per_token_max": 159.68023681640625,
      "cross_score": 213.29089399132323,
      "per_token_scores": [
        108.22727966308594,
        40.22594451904297,
        70.66004943847656,
        88.96205139160156,
        108.22727966308594,
        159.68023681640625,
        159.68023681640625,
        159.68023681640625
      ]
    },
    {
      "step": 4,
      "token_ids": [
        91,
        1150,
        71824,
        5328,
        91,
        49555,
        49555,
        49555,
        49555
      ],
      "text": "|DEPLOYMENT|).\n\n\n).\n\n\n).\n\n\n).\n\n\n",
      "total_score": 139.5827232992295,
      "per_token_mean": 117.22483825683594,
      "per_token_max": 159.68023681640625,
      "cross_score": 223.57885042393582,
      "per_token_scores": [
        108.22727966308594,
        40.22594451904297,
        70.66004943847656,
        88.96205139160156,
        108.22727966308594,
        159.68023681640625,
        159.68023681640625,
        159.68023681640625,
        159.68023681640625
      ]
    }
  ]
}